47137,Pooja,54,44307,Marketing
58152,Priya,26,33029,Operations
62318,Neha,36,55989,Operations
27154,Neha,56,40068,Sales
32803,Pooja,50,43599,HR
78823,Abhay,31,96703,Sales
95351,Arjun,40,113432,IT
84931,Rahul,50,69239,HR
27124,Rahul,27,38100,HR
64134,Sneha,33,108055,Operations
93712,Vikas,18,99531,Finance
95041,Rahul,56,56599,Sales
22645,Karan,56,112802,Finance
60175,Priya,29,64750,Sales
97808,Amit,28,51663,IT
45476,Vikas,52,118789,HR
71988,Karan,22,69534,Sales
98830,Neha,27,72353,Sales
49901,Priya,49,99438,HR
30102,Pooja,33,104626,Marketing
49332,Pooja,51,85741,Marketing
51799,Sneha,40,73946,Marketing
38581,Neha,32,105962,HR
48386,Abhay,45,38377,HR
4795,Priya,44,51664,Sales
85091,Pooja,20,53623,Operations
8644,Priya,38,86114,Finance
75,Rahul,21,54603,Finance
86422,Abhay,41,42460,HR
91510,Rahul,45,101795,Sales
39300,Priya,30,38578,Sales
94935,Arjun,42,97002,Sales
71591,Rahul,43,42644,IT
3520,Vikas,33,67377,IT
82180,Sneha,25,116230,Sales
74310,Amit,41,54957,IT
7023,Rahul,19,74901,Sales
3421,Amit,32,52888,IT
36879,Pooja,43,101914,Finance
15586,Sneha,25,66371,HR
16279,Sneha,24,53309,HR
10747,Rahul,54,63241,Marketing
76238,Vikas,18,58641,Finance
32596,Amit,57,104004,Marketing
61306,Sneha,30,113113,HR
68024,Priya,36,82523,Operations
97753,Amit,22,45840,IT
77680,Vikas,18,35537,Operations
74509,Rahul,44,31658,Operations
22886,Vikas,53,70376,Marketing
10903,Neha,55,45606,HR
72206,Rahul,45,47916,Finance
27887,Neha,41,93571,Marketing
94636,Sneha,18,78162,Marketing
15606,Vikas,40,86058,IT
6583,Neha,42,81939,Sales
20556,Vikas,49,88177,Sales
97033,Rahul,40,57454,Finance
92069,Sneha,47,60416,IT
16024,Neha,58,64231,HR
50859,Rahul,36,90167,Operations
51670,Pooja,44,101122,IT
64141,Rahul,28,39801,IT
65045,Sneha,49,87705,Operations
71736,Priya,48,76340,Marketing
93737,Vikas,56,42185,Sales
40910,Sneha,56,50454,HR
24316,Vikas,55,53605,Finance
78861,Pooja,59,56307,Marketing
78674,Rahul,34,52291,Sales
61239,Abhay,34,92632,Marketing
14229,Neha,30,83191,IT
11162,Amit,36,45359,Sales
5156,Priya,53,80331,Finance
7486,Sneha,55,100263,Marketing
38259,Karan,59,66875,Operations
72405,Abhay,57,115041,HR
40337,Abhay,27,71104,HR
8606,Priya,33,100365,Operations
51401,Neha,43,55938,Sales
97563,Vikas,56,102007,Marketing
3633,Priya,38,39302,HR
38384,Neha,22,40878,Finance
18940,Arjun,47,103998,HR
35524,Arjun,53,109059,Finance
50369,Amit,28,119558,Operations
52001,Vikas,48,56231,Operations
37776,Priya,23,96063,Operations
19526,Abhay,35,90844,Operations
17348,Abhay,40,47888,HR
51761,Arjun,59,90255,Finance
66850,Sneha,39,62551,Finance
86049,Vikas,41,39572,HR
264,Amit,30,103826,Sales
72044,Pooja,22,95230,Sales
19250,Neha,47,32072,HR
11912,Neha,31,60695,Finance
42184,Rahul,35,81905,IT
80418,Arjun,29,33736,HR
91034,Neha,50,90431,Finance
35600,Abhay,31,78173,Operations
9289,Pooja,46,100661,Sales
49442,Vikas,37,35717,Marketing
87775,Neha,46,77928,Marketing
9009,Neha,51,94029,Marketing
12354,Vikas,38,94449,Sales
89812,Rahul,22,61073,Operations
16578,Amit,24,65761,IT
84410,Karan,18,98206,IT
71805,Vikas,59,90657,Finance
94420,Karan,37,94219,IT
82163,Priya,18,48316,Sales
98610,Neha,55,93706,IT
50196,Neha,26,71565,Sales
28587,Vikas,18,104891,IT
54978,Vikas,56,69532,Finance
63561,Rahul,52,42192,Marketing
13242,Rahul,35,42842,Finance
70889,Priya,25,60229,Marketing
14964,Pooja,44,80322,IT
27838,Rahul,20,107590,Marketing
43832,Vikas,54,37377,Marketing
42462,Priya,53,108340,Finance